,pdb,chain,wildtype,resseq,mutation,ddg,method
0,1A0F,A,S,11,A,-1.8,EXPDTA X-RAY DIFFRACTION
1,1A7V,A,A,104,H,-2.69,EXPDTA X-RAY DIFFRACTION
2,1A7V,A,A,66,H,-1.98,EXPDTA X-RAY DIFFRACTION
3,1A7V,A,A,91,H,-1.7,EXPDTA X-RAY DIFFRACTION
4,1A7V,A,D,3,H,-1.36,EXPDTA X-RAY DIFFRACTION
5,1A7V,A,D,58,H,-2.05,EXPDTA X-RAY DIFFRACTION
6,1A7V,A,E,73,H,-3.01,EXPDTA X-RAY DIFFRACTION
7,1A7V,A,K,13,H,-0.6,EXPDTA X-RAY DIFFRACTION
8,1A7V,A,K,20,H,-2.88,EXPDTA X-RAY DIFFRACTION
9,1A7V,A,K,31,H,-1.36,EXPDTA X-RAY DIFFRACTION
10,1A7V,A,K,39,H,-1.86,EXPDTA X-RAY DIFFRACTION
11,1A7V,A,K,49,H,-2.02,EXPDTA X-RAY DIFFRACTION
12,1A7V,A,K,84,H,-2.88,EXPDTA X-RAY DIFFRACTION
13,1A7V,A,K,97,H,-1.97,EXPDTA X-RAY DIFFRACTION
14,1BA3,A,H,457,D,-1.745,EXPDTA X-RAY DIFFRACTION
15,1BA3,A,H,485,D,0.287,EXPDTA X-RAY DIFFRACTION
16,1BA3,A,H,485,K,-0.287,EXPDTA X-RAY DIFFRACTION
17,1BA3,A,H,485,M,-0.263,EXPDTA X-RAY DIFFRACTION
18,1BFM,A,M,35,W,-0.7,EXPDTA SOLUTION NMR
19,1BFM,A,M,35,Y,-0.4,EXPDTA SOLUTION NMR
20,1BNL,A,D,76,A,-0.821,EXPDTA X-RAY DIFFRACTION
21,1D5G,A,H,71,Y,-0.04,EXPDTA SOLUTION NMR
22,1D5G,A,I,20,F,0.91,EXPDTA SOLUTION NMR
23,1DIV,A,D,23,A,-0.46,EXPDTA X-RAY DIFFRACTION
24,1DIV,A,D,23,N,-0.58,EXPDTA X-RAY DIFFRACTION
25,1DIV,A,D,8,N,-0.3,EXPDTA X-RAY DIFFRACTION
26,1DIV,A,E,100,A,-0.98,EXPDTA X-RAY DIFFRACTION
27,1DIV,A,E,100,G,-1.52,EXPDTA X-RAY DIFFRACTION
28,1DIV,A,E,17,Q,-0.21,EXPDTA X-RAY DIFFRACTION
29,1DIV,A,E,38,Q,-0.56,EXPDTA X-RAY DIFFRACTION
30,1DIV,A,E,48,Q,0.03,EXPDTA X-RAY DIFFRACTION
31,1DIV,A,E,54,Q,0.33,EXPDTA X-RAY DIFFRACTION
32,1DIV,A,H,106,Q,-1.53,EXPDTA X-RAY DIFFRACTION
33,1DIV,A,H,134,Q,-0.34,EXPDTA X-RAY DIFFRACTION
34,1DIV,A,H,144,Q,-0.56,EXPDTA X-RAY DIFFRACTION
35,1DIV,A,I,115,A,-3.52,EXPDTA X-RAY DIFFRACTION
36,1DIV,A,I,121,A,-2.88,EXPDTA X-RAY DIFFRACTION
37,1DIV,A,I,4,A,-2.22,EXPDTA X-RAY DIFFRACTION
38,1DIV,A,I,4,V,-0.59,EXPDTA X-RAY DIFFRACTION
39,1DIV,A,I,79,A,-3.49,EXPDTA X-RAY DIFFRACTION
40,1DIV,A,I,93,A,-3.19,EXPDTA X-RAY DIFFRACTION
41,1DIV,A,I,98,A,-4.28,EXPDTA X-RAY DIFFRACTION
42,1DIV,A,K,10,M,0.05,EXPDTA X-RAY DIFFRACTION
43,1DIV,A,K,14,M,0.01,EXPDTA X-RAY DIFFRACTION
44,1DIV,A,K,15,M,-0.31,EXPDTA X-RAY DIFFRACTION
45,1DIV,A,K,7,M,0.35,EXPDTA X-RAY DIFFRACTION
46,1DIV,A,K,96,A,0.61,EXPDTA X-RAY DIFFRACTION
47,1DIV,A,K,96,G,-0.2,EXPDTA X-RAY DIFFRACTION
48,1DIV,A,L,102,A,-2.37,EXPDTA X-RAY DIFFRACTION
49,1DIV,A,L,108,A,-2.33,EXPDTA X-RAY DIFFRACTION
50,1DIV,A,L,110,A,-3.21,EXPDTA X-RAY DIFFRACTION
51,1DIV,A,L,117,A,-0.82,EXPDTA X-RAY DIFFRACTION
52,1DIV,A,L,133,A,-2.94,EXPDTA X-RAY DIFFRACTION
53,1DIV,A,L,141,A,-3.56,EXPDTA X-RAY DIFFRACTION
54,1DIV,A,L,30,A,-2.76,EXPDTA X-RAY DIFFRACTION
55,1DIV,A,L,30,V,-3.62,EXPDTA X-RAY DIFFRACTION
56,1DIV,A,L,6,A,-3.1,EXPDTA X-RAY DIFFRACTION
57,1DIV,A,L,6,I,-0.13,EXPDTA X-RAY DIFFRACTION
58,1DIV,A,L,6,V,-0.41,EXPDTA X-RAY DIFFRACTION
59,1DIV,A,L,72,A,-3.77,EXPDTA X-RAY DIFFRACTION
60,1DIV,A,M,1,A,-1.46,EXPDTA X-RAY DIFFRACTION
61,1DIV,A,M,1,G,-2.36,EXPDTA X-RAY DIFFRACTION
62,1DIV,A,V,129,A,-1.81,EXPDTA X-RAY DIFFRACTION
63,1DIV,A,V,131,A,-1.93,EXPDTA X-RAY DIFFRACTION
64,1DIV,A,V,137,A,-2.41,EXPDTA X-RAY DIFFRACTION
65,1DIV,A,V,143,A,-3.25,EXPDTA X-RAY DIFFRACTION
66,1DIV,A,V,145,A,-1.92,EXPDTA X-RAY DIFFRACTION
67,1DIV,A,V,21,A,-2.33,EXPDTA X-RAY DIFFRACTION
68,1DIV,A,V,21,I,-0.4,EXPDTA X-RAY DIFFRACTION
69,1DIV,A,V,21,L,-1.23,EXPDTA X-RAY DIFFRACTION
70,1DIV,A,V,3,A,-2.55,EXPDTA X-RAY DIFFRACTION
71,1DIV,A,V,3,I,-0.31,EXPDTA X-RAY DIFFRACTION
72,1DIV,A,V,3,L,-2.21,EXPDTA X-RAY DIFFRACTION
73,1DXX,A,K,10,N,-3.7,EXPDTA X-RAY DIFFRACTION
74,1EKG,A,L,109,C,-1.0,EXPDTA X-RAY DIFFRACTION
75,1EKG,A,L,111,C,-2.0,EXPDTA X-RAY DIFFRACTION
76,1EKG,A,L,114,C,1.0,EXPDTA X-RAY DIFFRACTION
77,1EKG,A,S,92,F,-2.6,EXPDTA X-RAY DIFFRACTION
78,1F8I,A,F,345,A,-0.455,EXPDTA X-RAY DIFFRACTION
79,1FH5,A,S,15,N,0.6,EXPDTA X-RAY DIFFRACTION
80,1FRD,A,H,42,R,4.0,EXPDTA X-RAY DIFFRACTION
81,1FT8,A,I,144,V,-0.64,EXPDTA X-RAY DIFFRACTION
82,1FT8,A,L,92,V,-1.38,EXPDTA X-RAY DIFFRACTION
83,1FT8,A,L,118,I,-0.35,EXPDTA X-RAY DIFFRACTION
84,1FT8,A,L,147,I,-0.11,EXPDTA X-RAY DIFFRACTION
85,1FT8,A,L,173,I,-0.8,EXPDTA X-RAY DIFFRACTION
86,1FT8,A,L,173,V,-1.41,EXPDTA X-RAY DIFFRACTION
87,1FT8,A,L,195,A,-1.65,EXPDTA X-RAY DIFFRACTION
88,1FT8,A,L,197,I,-0.85,EXPDTA X-RAY DIFFRACTION
89,1FT8,A,L,228,I,-0.53,EXPDTA X-RAY DIFFRACTION
90,1FT8,A,L,229,I,0.05,EXPDTA X-RAY DIFFRACTION
91,1FT8,A,M,96,L,0.27,EXPDTA X-RAY DIFFRACTION
92,1FT8,A,S,219,A,0.32,EXPDTA X-RAY DIFFRACTION
93,1FT8,A,V,167,A,-0.16,EXPDTA X-RAY DIFFRACTION
94,1FXA,A,E,94,D,-1.1,EXPDTA X-RAY DIFFRACTION
95,1FXA,A,E,94,K,-0.4,EXPDTA X-RAY DIFFRACTION
96,1FXA,A,E,94,Q,0.6,EXPDTA X-RAY DIFFRACTION
97,1FXA,A,E,95,K,1.0,EXPDTA X-RAY DIFFRACTION
98,1FXA,A,F,65,A,-1.0,EXPDTA X-RAY DIFFRACTION
99,1FXA,A,F,65,I,-0.9,EXPDTA X-RAY DIFFRACTION
100,1FXA,A,F,65,W,-0.6,EXPDTA X-RAY DIFFRACTION
101,1FXA,A,F,65,Y,-0.5,EXPDTA X-RAY DIFFRACTION
102,1FXA,A,R,42,A,-2.4,EXPDTA X-RAY DIFFRACTION
103,1FXA,A,R,42,H,-1.4,EXPDTA X-RAY DIFFRACTION
104,1FXA,A,T,48,A,0.1,EXPDTA X-RAY DIFFRACTION
105,1G3P,A,A,121,K,-0.287,EXPDTA X-RAY DIFFRACTION
106,1G3P,A,D,134,A,-0.263,EXPDTA X-RAY DIFFRACTION
107,1G3P,A,D,134,C,-0.096,EXPDTA X-RAY DIFFRACTION
108,1G3P,A,D,134,E,-0.359,EXPDTA X-RAY DIFFRACTION
109,1G3P,A,D,134,F,-0.359,EXPDTA X-RAY DIFFRACTION
110,1G3P,A,D,134,G,-0.669,EXPDTA X-RAY DIFFRACTION
111,1G3P,A,D,134,H,0.048,EXPDTA X-RAY DIFFRACTION
112,1G3P,A,D,134,I,-0.932,EXPDTA X-RAY DIFFRACTION
113,1G3P,A,D,134,K,-0.335,EXPDTA X-RAY DIFFRACTION
114,1G3P,A,D,134,L,-0.55,EXPDTA X-RAY DIFFRACTION
115,1G3P,A,D,134,M,-0.502,EXPDTA X-RAY DIFFRACTION
116,1G3P,A,D,134,N,0.072,EXPDTA X-RAY DIFFRACTION
117,1G3P,A,D,134,P,-0.645,EXPDTA X-RAY DIFFRACTION
118,1G3P,A,D,134,Q,-0.478,EXPDTA X-RAY DIFFRACTION
119,1G3P,A,D,134,R,-0.669,EXPDTA X-RAY DIFFRACTION
120,1G3P,A,D,134,S,-0.287,EXPDTA X-RAY DIFFRACTION
121,1G3P,A,D,134,T,-0.741,EXPDTA X-RAY DIFFRACTION
122,1G3P,A,D,134,V,-1.123,EXPDTA X-RAY DIFFRACTION
123,1G3P,A,D,134,W,-0.1669999999999999,EXPDTA X-RAY DIFFRACTION
124,1G3P,A,D,134,Y,-0.072,EXPDTA X-RAY DIFFRACTION
125,1G3P,A,F,110,V,-3.705,EXPDTA X-RAY DIFFRACTION
126,1G3P,A,N,112,G,0.765,EXPDTA X-RAY DIFFRACTION
127,1G3P,A,N,113,K,-0.43,EXPDTA X-RAY DIFFRACTION
128,1G3P,A,N,113,V,-2.032,EXPDTA X-RAY DIFFRACTION
129,1G3P,A,Q,111,N,-1.793,EXPDTA X-RAY DIFFRACTION
130,1G3P,A,Q,119,N,0.263,EXPDTA X-RAY DIFFRACTION
131,1G3P,A,R,118,V,0.765,EXPDTA X-RAY DIFFRACTION
132,1GLU,A,C,67,A,-1.22,EXPDTA X-RAY DIFFRACTION
133,1GUA,A,A,63,G,-1.963,EXPDTA X-RAY DIFFRACTION
134,1GUA,A,A,63,L,-1.951,EXPDTA X-RAY DIFFRACTION
135,1GUA,A,A,30,G,-2.149,EXPDTA X-RAY DIFFRACTION
136,1GUA,A,A,42,G,-0.863,EXPDTA X-RAY DIFFRACTION
137,1GUA,A,C,26,A,0.283,EXPDTA X-RAY DIFFRACTION
138,1GUA,A,C,26,I,-0.912,EXPDTA X-RAY DIFFRACTION
139,1GUA,A,C,40,A,-0.08,EXPDTA X-RAY DIFFRACTION
140,1GUA,A,C,41,A,-1.759,EXPDTA X-RAY DIFFRACTION
141,1GUA,A,C,41,L,-0.043,EXPDTA X-RAY DIFFRACTION
142,1GUA,A,C,41,M,-0.337,EXPDTA X-RAY DIFFRACTION
143,1GUA,A,D,62,A,-0.706,EXPDTA X-RAY DIFFRACTION
144,1GUA,A,D,74,A,-0.855,EXPDTA X-RAY DIFFRACTION
145,1GUA,A,D,25,A,-0.493,EXPDTA X-RAY DIFFRACTION
146,1GUA,A,E,49,A,0.021,EXPDTA X-RAY DIFFRACTION
147,1GUA,A,E,69,A,-0.101,EXPDTA X-RAY DIFFRACTION
148,1GUA,A,E,70,A,-0.591,EXPDTA X-RAY DIFFRACTION
149,1GUA,A,I,3,A,-3.274,EXPDTA X-RAY DIFFRACTION
150,1GUA,A,I,3,F,-1.2990000000000002,EXPDTA X-RAY DIFFRACTION
151,1GUA,A,I,3,L,-0.7709999999999999,EXPDTA X-RAY DIFFRACTION
152,1GUA,A,K,54,A,-0.327,EXPDTA X-RAY DIFFRACTION
153,1GUA,A,L,57,A,-2.593,EXPDTA X-RAY DIFFRACTION
154,1GUA,A,L,66,A,-2.5340000000000003,EXPDTA X-RAY DIFFRACTION
155,1GUA,A,L,71,A,-3.405,EXPDTA X-RAY DIFFRACTION
156,1GUA,A,L,7,A,-3.46,EXPDTA X-RAY DIFFRACTION
157,1GUA,A,L,23,A,-3.803,EXPDTA X-RAY DIFFRACTION
158,1GUA,A,L,27,A,-3.529,EXPDTA X-RAY DIFFRACTION
159,1GUA,A,L,27,I,-1.6,EXPDTA X-RAY DIFFRACTION
160,1GUA,A,L,27,V,-1.7,EXPDTA X-RAY DIFFRACTION
161,1GUA,A,L,31,A,-3.2260000000000004,EXPDTA X-RAY DIFFRACTION
162,1GUA,A,L,36,A,-1.575,EXPDTA X-RAY DIFFRACTION
163,1GUA,A,M,21,A,-0.961,EXPDTA X-RAY DIFFRACTION
164,1GUA,A,N,1,M,0.271,EXPDTA X-RAY DIFFRACTION
165,1GUA,A,N,9,A,-1.14,EXPDTA X-RAY DIFFRACTION
166,1GUA,A,P,8,A,-1.7080000000000002,EXPDTA X-RAY DIFFRACTION
167,1GUA,A,P,38,A,-0.0819999999999999,EXPDTA X-RAY DIFFRACTION
168,1GUA,A,Q,11,A,-0.504,EXPDTA X-RAY DIFFRACTION
169,1GUA,A,R,45,A,-0.693,EXPDTA X-RAY DIFFRACTION
170,1GUA,A,R,4,A,0.178,EXPDTA X-RAY DIFFRACTION
171,1GUA,A,R,34,L,1.078,EXPDTA X-RAY DIFFRACTION
172,1GUA,A,S,22,A,-1.5730000000000002,EXPDTA X-RAY DIFFRACTION
173,1GUA,A,S,22,T,0.581,EXPDTA X-RAY DIFFRACTION
174,1GUA,A,T,13,A,-0.109,EXPDTA X-RAY DIFFRACTION
175,1GUA,A,V,73,A,-3.3680000000000003,EXPDTA X-RAY DIFFRACTION
176,1GUA,A,V,5,A,-2.251,EXPDTA X-RAY DIFFRACTION
177,1GUA,A,V,14,A,-1.116,EXPDTA X-RAY DIFFRACTION
178,1GUA,A,V,15,A,-1.77,EXPDTA X-RAY DIFFRACTION
179,1GUA,A,V,17,A,-1.052,EXPDTA X-RAY DIFFRACTION
180,1GUA,A,V,17,I,-0.8640000000000001,EXPDTA X-RAY DIFFRACTION
181,1GUA,A,V,43,A,-1.981,EXPDTA X-RAY DIFFRACTION
182,1GWY,A,A,8,D,-1.6,EXPDTA X-RAY DIFFRACTION
183,1H0X,A,P,10,A,-1.936,EXPDTA X-RAY DIFFRACTION
184,1H0X,A,P,54,A,-2.5810000000000004,EXPDTA X-RAY DIFFRACTION
185,1HCQ,A,C,67,A,-2.09,EXPDTA X-RAY DIFFRACTION
186,1HCQ,A,C,67,S,-1.99,EXPDTA X-RAY DIFFRACTION
187,1IOJ,A,G,15,A,0.4,EXPDTA SOLUTION NMR
188,1IR3,A,W,192,F,0.6,EXPDTA X-RAY DIFFRACTION
189,1ITM,A,C,25,T,-3.3,EXPDTA SOLUTION NMR
190,1ITM,A,C,4,T,-5.0,EXPDTA SOLUTION NMR
191,1ITM,A,W,92,S,1.4,EXPDTA SOLUTION NMR
192,1IV7,A,A,73,C,0.5,EXPDTA X-RAY DIFFRACTION
193,1IV7,A,F,89,C,-2.5,EXPDTA X-RAY DIFFRACTION
194,1IV7,A,L,62,C,-1.9,EXPDTA X-RAY DIFFRACTION
195,1IV9,A,S,76,Y,4.299,EXPDTA X-RAY DIFFRACTION
196,1J8I,A,K,25,A,0.1,EXPDTA SOLUTION NMR
197,1J8I,A,K,66,A,0.1,EXPDTA SOLUTION NMR
198,1J8I,A,R,23,A,0.8,EXPDTA SOLUTION NMR
199,1J8I,A,R,35,A,-0.1,EXPDTA SOLUTION NMR
200,1J8I,A,R,43,A,0.7,EXPDTA SOLUTION NMR
201,1J8I,A,R,9,A,-0.1,EXPDTA SOLUTION NMR
202,1JL9,A,A,20,C,-1.44,EXPDTA X-RAY DIFFRACTION
203,1JLV,A,E,64,D,-1.162,EXPDTA X-RAY DIFFRACTION
204,1JLV,A,E,64,N,-2.3040000000000003,EXPDTA X-RAY DIFFRACTION
205,1JLV,A,E,64,Q,-2.302,EXPDTA X-RAY DIFFRACTION
206,1L6H,A,F,39,A,-1.6969999999999998,EXPDTA SOLUTION NMR
207,1L6H,A,Y,45,A,-0.55,EXPDTA SOLUTION NMR
208,1L6H,A,Y,48,A,-1.482,EXPDTA SOLUTION NMR
209,1LVM,A,E,114,G,1.4,EXPDTA X-RAY DIFFRACTION
210,1LVM,A,K,53,F,0.43,EXPDTA X-RAY DIFFRACTION
211,1LVM,A,L,64,V,0.0,EXPDTA X-RAY DIFFRACTION
212,1LVM,A,Q,66,F,0.6,EXPDTA X-RAY DIFFRACTION
213,1LVM,A,S,143,G,0.0,EXPDTA X-RAY DIFFRACTION
214,1N18,A,E,100,G,-2.5,EXPDTA X-RAY DIFFRACTION
215,1N18,A,G,85,R,-1.4,EXPDTA X-RAY DIFFRACTION
216,1N18,A,H,46,R,1.4,EXPDTA X-RAY DIFFRACTION
217,1N18,A,V,148,I,0.1,EXPDTA X-RAY DIFFRACTION
218,1N88,A,F,21,A,-1.39,EXPDTA SOLUTION NMR
219,1N88,A,I,39,A,-1.39,EXPDTA SOLUTION NMR
220,1N88,A,I,80,A,-2.79,EXPDTA SOLUTION NMR
221,1N88,A,I,89,A,-2.35,EXPDTA SOLUTION NMR
222,1N88,A,I,8,V,-1.52,EXPDTA SOLUTION NMR
223,1N88,A,L,13,A,-1.52,EXPDTA SOLUTION NMR
224,1N88,A,L,57,A,-1.11,EXPDTA SOLUTION NMR
225,1N88,A,V,12,A,-1.94,EXPDTA SOLUTION NMR
226,1N88,A,V,30,A,-2.84,EXPDTA SOLUTION NMR
227,1N88,A,V,43,A,-2.82,EXPDTA SOLUTION NMR
228,1N88,A,V,49,A,-2.83,EXPDTA SOLUTION NMR
229,1N88,A,V,51,A,-3.24,EXPDTA SOLUTION NMR
230,1N88,A,V,54,A,-3.73,EXPDTA SOLUTION NMR
231,1N88,A,V,81,A,-2.82,EXPDTA SOLUTION NMR
232,1N88,A,V,83,A,-3.1,EXPDTA SOLUTION NMR
233,1N88,A,Y,18,A,0.06,EXPDTA SOLUTION NMR
234,1N88,A,Y,26,A,-4.61,EXPDTA SOLUTION NMR
235,1NM1,A,D,176,N,-0.88,EXPDTA X-RAY DIFFRACTION
236,1NM1,A,D,176,Y,-1.9,EXPDTA X-RAY DIFFRACTION
237,1O1U,A,E,110,A,-3.3,EXPDTA SOLUTION NMR
238,1O1U,A,N,61,A,-1.2,EXPDTA SOLUTION NMR
239,1O1U,A,Q,51,A,-0.3,EXPDTA SOLUTION NMR
240,1O1U,A,Q,99,A,0.3,EXPDTA SOLUTION NMR
241,1O1U,A,T,38,A,-1.2,EXPDTA SOLUTION NMR
242,1O1U,A,W,49,Y,-1.2,EXPDTA SOLUTION NMR
243,1O6X,A,A,31,G,-1.2,EXPDTA SOLUTION NMR
244,1O6X,A,A,50,G,-1.4,EXPDTA SOLUTION NMR
245,1O6X,A,D,38,A,0.36,EXPDTA SOLUTION NMR
246,1O6X,A,E,14,A,-0.3,EXPDTA SOLUTION NMR
247,1O6X,A,E,20,G,-1.42,EXPDTA SOLUTION NMR
248,1O6X,A,F,39,L,-1.88,EXPDTA SOLUTION NMR
249,1O6X,A,F,65,A,-0.98,EXPDTA SOLUTION NMR
250,1O6X,A,H,51,A,-0.61,EXPDTA SOLUTION NMR
251,1O6X,A,I,15,V,-0.43,EXPDTA SOLUTION NMR
252,1O6X,A,I,23,V,0.42,EXPDTA SOLUTION NMR
253,1O6X,A,I,71,V,-1.31,EXPDTA SOLUTION NMR
254,1O6X,A,I,75,A,-1.31,EXPDTA SOLUTION NMR
255,1O6X,A,K,41,A,-1.98,EXPDTA SOLUTION NMR
256,1O6X,A,L,26,V,-0.97,EXPDTA SOLUTION NMR
257,1O6X,A,N,58,A,-0.08,EXPDTA SOLUTION NMR
258,1O6X,A,Q,60,G,-0.49,EXPDTA SOLUTION NMR
259,1O6X,A,V,12,A,-1.1,EXPDTA SOLUTION NMR
260,1O6X,A,V,52,A,-1.08,EXPDTA SOLUTION NMR
261,1O6X,A,V,64,G,-1.1,EXPDTA SOLUTION NMR
262,1O6X,A,Y,73,L,-2.78,EXPDTA SOLUTION NMR
263,1OSI,A,I,11,V,-0.05,EXPDTA X-RAY DIFFRACTION
264,1OSI,A,S,92,F,0.39,EXPDTA X-RAY DIFFRACTION
265,1OSI,A,V,126,M,-2.25,EXPDTA X-RAY DIFFRACTION
266,1OSI,A,V,15,I,-0.78,EXPDTA X-RAY DIFFRACTION
267,1PFL,A,A,20,T,-1.53,EXPDTA SOLUTION NMR
268,1PFL,A,G,117,V,-1.96,EXPDTA SOLUTION NMR
269,1PFL,A,M,113,T,-3.53,EXPDTA SOLUTION NMR
270,1PFL,A,Q,138,L,1.82,EXPDTA SOLUTION NMR
271,1PFL,A,T,108,M,0.07,EXPDTA SOLUTION NMR
272,1PRE,A,C,158,S,-2.4,EXPDTA X-RAY DIFFRACTION
273,1PRG,A,E,254,K,-0.17,EXPDTA X-RAY DIFFRACTION
274,1PRG,A,F,154,L,-0.4,EXPDTA X-RAY DIFFRACTION
275,1PRG,A,P,261,L,0.11,EXPDTA X-RAY DIFFRACTION
276,1PRG,A,Q,80,P,-0.3,EXPDTA X-RAY DIFFRACTION
277,1PRG,A,R,82,H,0.06,EXPDTA X-RAY DIFFRACTION
278,1PRG,A,R,151,A,0.19,EXPDTA X-RAY DIFFRACTION
279,1PRG,A,V,84,M,0.03,EXPDTA X-RAY DIFFRACTION
280,1R2Y,A,R,243,E,-4.2,EXPDTA X-RAY DIFFRACTION
281,1R6R,A,I,68,N,-0.13,EXPDTA SOLUTION NMR
282,1R6R,A,L,30,S,-2.81,EXPDTA SOLUTION NMR
283,1R6R,A,L,34,S,-0.24,EXPDTA SOLUTION NMR
284,1R6R,A,L,61,N,-6.84,EXPDTA SOLUTION NMR
285,1SPD,A,C,111,S,0.8,EXPDTA X-RAY DIFFRACTION
286,1SPD,A,C,6,A,0.1,EXPDTA X-RAY DIFFRACTION
287,1X0J,A,D,83,N,-4.1,EXPDTA X-RAY DIFFRACTION
288,1X0J,A,D,83,Y,-4.02,EXPDTA X-RAY DIFFRACTION
289,1X0J,A,D,84,N,-2.21,EXPDTA X-RAY DIFFRACTION
290,1X0J,A,D,84,Y,-3.38,EXPDTA X-RAY DIFFRACTION
291,1X0J,A,E,65,K,-3.48,EXPDTA X-RAY DIFFRACTION
292,1X0J,A,R,27,L,-5.22,EXPDTA X-RAY DIFFRACTION
293,1X0J,A,Y,76,H,-6.49,EXPDTA X-RAY DIFFRACTION
294,1XWS,A,E,92,Q,-2.9,EXPDTA X-RAY DIFFRACTION
295,1XWS,A,E,103,K,-4.59,EXPDTA X-RAY DIFFRACTION
296,1XWS,A,E,110,D,-3.22,EXPDTA X-RAY DIFFRACTION
297,1XWS,A,Y,21,H,-3.3,EXPDTA X-RAY DIFFRACTION
298,1XXN,A,N,181,R,0.358,EXPDTA X-RAY DIFFRACTION
299,1XXN,A,N,32,D,-0.86,EXPDTA X-RAY DIFFRACTION
300,1XXN,A,N,54,E,-0.645,EXPDTA X-RAY DIFFRACTION
301,1XXN,A,S,22,E,0.239,EXPDTA X-RAY DIFFRACTION
302,1XXN,A,S,27,E,-0.645,EXPDTA X-RAY DIFFRACTION
303,1XZO,A,F,40,W,2.87,EXPDTA X-RAY DIFFRACTION
304,1XZO,A,W,99,F,-2.89,EXPDTA X-RAY DIFFRACTION
305,1XZO,A,W,34,A,-8.93,EXPDTA X-RAY DIFFRACTION
306,1XZO,A,W,34,F,-4.25,EXPDTA X-RAY DIFFRACTION
307,2ARF,A,H,38,Q,-0.7170000000000001,EXPDTA SOLUTION NMR
308,2BJD,A,V,73,D,-4.493,EXPDTA X-RAY DIFFRACTION
309,2BJD,A,V,73,P,-4.517,EXPDTA X-RAY DIFFRACTION
310,2BJD,A,Y,75,E,-2.103,EXPDTA X-RAY DIFFRACTION
311,2C9Q,A,Y,79,F,-0.012,EXPDTA X-RAY DIFFRACTION
312,2C9Q,A,Y,79,W,-1.233,EXPDTA X-RAY DIFFRACTION
313,2CLR,A,H,14,F,0.12,EXPDTA X-RAY DIFFRACTION
314,2CLR,A,H,32,F,2.605,EXPDTA X-RAY DIFFRACTION
315,2CLR,A,H,52,F,-1.912,EXPDTA X-RAY DIFFRACTION
316,2CLR,A,H,85,A,-2.629,EXPDTA X-RAY DIFFRACTION
317,2DVV,A,Q,100,H,0.89,EXPDTA X-RAY DIFFRACTION
318,2DVV,A,R,76,W,-0.02,EXPDTA X-RAY DIFFRACTION
319,2H3F,A,E,11,A,1.07,EXPDTA SOLUTION NMR
320,2HBB,A,A,22,G,-0.32,EXPDTA X-RAY DIFFRACTION
321,2HBB,A,A,26,G,-1.79,EXPDTA X-RAY DIFFRACTION
322,2HBB,A,A,36,G,-1.55,EXPDTA X-RAY DIFFRACTION
323,2HBB,A,A,39,G,-1.59,EXPDTA X-RAY DIFFRACTION
324,2HBB,A,A,42,G,-0.33,EXPDTA X-RAY DIFFRACTION
325,2HBB,A,A,46,G,-0.55,EXPDTA X-RAY DIFFRACTION
326,2HBB,A,A,49,G,-0.22,EXPDTA X-RAY DIFFRACTION
327,2HBB,A,D,23,A,-0.03,EXPDTA X-RAY DIFFRACTION
328,2HBB,A,D,23,N,-0.79,EXPDTA X-RAY DIFFRACTION
329,2HBB,A,D,8,A,-1.3,EXPDTA X-RAY DIFFRACTION
330,2HBB,A,D,8,N,-0.38,EXPDTA X-RAY DIFFRACTION
331,2HBB,A,E,17,A,-1.69,EXPDTA X-RAY DIFFRACTION
332,2HBB,A,E,17,Q,-0.33,EXPDTA X-RAY DIFFRACTION
333,2HBB,A,E,38,A,-0.41,EXPDTA X-RAY DIFFRACTION
334,2HBB,A,E,38,Q,-0.68,EXPDTA X-RAY DIFFRACTION
335,2HBB,A,E,48,Q,0.07,EXPDTA X-RAY DIFFRACTION
336,2HBB,A,F,31,A,-2.84,EXPDTA X-RAY DIFFRACTION
337,2HBB,A,F,5,L,-1.15,EXPDTA X-RAY DIFFRACTION
338,2HBB,A,G,24,A,0.02,EXPDTA X-RAY DIFFRACTION
339,2HBB,A,G,34,A,-1.02,EXPDTA X-RAY DIFFRACTION
340,2HBB,A,I,18,A,-2.05,EXPDTA X-RAY DIFFRACTION
341,2HBB,A,I,18,V,-0.07,EXPDTA X-RAY DIFFRACTION
342,2HBB,A,I,37,A,-1.28,EXPDTA X-RAY DIFFRACTION
343,2HBB,A,I,37,V,0.09,EXPDTA X-RAY DIFFRACTION
344,2HBB,A,I,4,V,-0.59,EXPDTA X-RAY DIFFRACTION
345,2HBB,A,K,10,E,0.13,EXPDTA X-RAY DIFFRACTION
346,2HBB,A,K,10,M,0.47,EXPDTA X-RAY DIFFRACTION
347,2HBB,A,K,12,A,0.61,EXPDTA X-RAY DIFFRACTION
348,2HBB,A,K,12,G,0.03,EXPDTA X-RAY DIFFRACTION
349,2HBB,A,K,12,M,1.8,EXPDTA X-RAY DIFFRACTION
350,2HBB,A,K,14,A,-0.73,EXPDTA X-RAY DIFFRACTION
351,2HBB,A,K,14,G,-1.3,EXPDTA X-RAY DIFFRACTION
352,2HBB,A,K,14,M,-0.34,EXPDTA X-RAY DIFFRACTION
353,2HBB,A,K,15,G,-1.74,EXPDTA X-RAY DIFFRACTION
354,2HBB,A,K,15,M,-0.44,EXPDTA X-RAY DIFFRACTION
355,2HBB,A,K,7,M,0.21,EXPDTA X-RAY DIFFRACTION
356,2HBB,A,L,30,A,-2.76,EXPDTA X-RAY DIFFRACTION
357,2HBB,A,L,35,A,-1.21,EXPDTA X-RAY DIFFRACTION
358,2HBB,A,L,44,A,-1.73,EXPDTA X-RAY DIFFRACTION
359,2HBB,A,L,47,A,-0.84,EXPDTA X-RAY DIFFRACTION
360,2HBB,A,L,6,A,-3.1,EXPDTA X-RAY DIFFRACTION
361,2HBB,A,M,1,A,-1.46,EXPDTA X-RAY DIFFRACTION
362,2HBB,A,T,40,S,-0.8,EXPDTA X-RAY DIFFRACTION
363,2HBB,A,V,21,A,-2.33,EXPDTA X-RAY DIFFRACTION
364,2HBB,A,V,3,A,-2.55,EXPDTA X-RAY DIFFRACTION
365,2HBB,A,V,9,A,-1.81,EXPDTA X-RAY DIFFRACTION
366,2JIE,A,C,167,A,2.997,EXPDTA X-RAY DIFFRACTION
367,2JIE,A,C,167,Q,2.5810000000000004,EXPDTA X-RAY DIFFRACTION
368,2JIE,A,E,154,D,-2.075,EXPDTA X-RAY DIFFRACTION
369,2JIE,A,E,164,A,4.247,EXPDTA X-RAY DIFFRACTION
370,2JIE,A,E,222,A,-4.36,EXPDTA X-RAY DIFFRACTION
371,2JIE,A,E,222,H,-1.515,EXPDTA X-RAY DIFFRACTION
372,2JIE,A,E,406,A,0.825,EXPDTA X-RAY DIFFRACTION
373,2JIE,A,E,406,D,-0.909,EXPDTA X-RAY DIFFRACTION
374,2JIE,A,E,423,S,0.87,EXPDTA X-RAY DIFFRACTION
375,2JIE,A,F,415,A,-0.165,EXPDTA X-RAY DIFFRACTION
376,2JIE,A,H,101,R,1.536,EXPDTA X-RAY DIFFRACTION
377,2JIE,A,I,244,E,1.241,EXPDTA X-RAY DIFFRACTION
378,2JIE,A,I,244,N,0.974,EXPDTA X-RAY DIFFRACTION
379,2JIE,A,L,171,A,-0.79,EXPDTA X-RAY DIFFRACTION
380,2JIE,A,L,171,R,0.336,EXPDTA X-RAY DIFFRACTION
381,2JIE,A,M,221,A,-4.098,EXPDTA X-RAY DIFFRACTION
382,2JIE,A,M,323,A,-1.298,EXPDTA X-RAY DIFFRACTION
383,2JIE,A,N,163,A,-3.397,EXPDTA X-RAY DIFFRACTION
384,2JIE,A,N,163,C,-2.964,EXPDTA X-RAY DIFFRACTION
385,2JIE,A,N,220,A,-0.6709999999999999,EXPDTA X-RAY DIFFRACTION
386,2JIE,A,N,220,G,3.462,EXPDTA X-RAY DIFFRACTION
387,2JIE,A,N,220,H,2.583,EXPDTA X-RAY DIFFRACTION
388,2JIE,A,N,220,R,3.976,EXPDTA X-RAY DIFFRACTION
389,2JIE,A,N,220,Y,5.73,EXPDTA X-RAY DIFFRACTION
390,2JIE,A,N,293,A,-2.25,EXPDTA X-RAY DIFFRACTION
391,2JIE,A,N,293,C,-0.017,EXPDTA X-RAY DIFFRACTION
392,2JIE,A,N,404,A,0.464,EXPDTA X-RAY DIFFRACTION
393,2JIE,A,N,404,C,0.143,EXPDTA X-RAY DIFFRACTION
394,2JIE,A,Q,19,S,-0.209,EXPDTA X-RAY DIFFRACTION
395,2JIE,A,R,240,A,-0.166,EXPDTA X-RAY DIFFRACTION
396,2JIE,A,R,240,D,0.213,EXPDTA X-RAY DIFFRACTION
397,2JIE,A,R,240,K,-1.463,EXPDTA X-RAY DIFFRACTION
398,2JIE,A,S,14,A,-1.246,EXPDTA X-RAY DIFFRACTION
399,2JIE,A,S,16,A,0.951,EXPDTA X-RAY DIFFRACTION
400,2JIE,A,S,331,A,-1.454,EXPDTA X-RAY DIFFRACTION
401,2JIE,A,S,400,A,0.92,EXPDTA X-RAY DIFFRACTION
402,2JIE,A,T,15,A,-0.994,EXPDTA X-RAY DIFFRACTION
403,2JIE,A,T,218,A,3.189,EXPDTA X-RAY DIFFRACTION
404,2JIE,A,T,352,A,-2.9610000000000003,EXPDTA X-RAY DIFFRACTION
405,2JIE,A,W,120,F,2.19,EXPDTA X-RAY DIFFRACTION
406,2JIE,A,W,120,H,1.06,EXPDTA X-RAY DIFFRACTION
407,2JIE,A,W,325,A,-1.159,EXPDTA X-RAY DIFFRACTION
408,2JIE,A,W,325,C,-2.664,EXPDTA X-RAY DIFFRACTION
409,2JIE,A,W,325,H,-2.573,EXPDTA X-RAY DIFFRACTION
410,2JIE,A,W,325,R,-0.95,EXPDTA X-RAY DIFFRACTION
411,2JIE,A,W,399,C,-0.36,EXPDTA X-RAY DIFFRACTION
412,2JIE,A,W,399,R,2.615,EXPDTA X-RAY DIFFRACTION
413,2JIE,A,W,409,Y,0.599,EXPDTA X-RAY DIFFRACTION
414,2JIE,A,Y,18,A,-3.443,EXPDTA X-RAY DIFFRACTION
415,2JIE,A,Y,294,A,1.072,EXPDTA X-RAY DIFFRACTION
416,2JIE,A,Y,294,F,-1.853,EXPDTA X-RAY DIFFRACTION
417,2JUC,A,C,53,D,-2.54,EXPDTA SOLUTION NMR
418,2JUC,A,C,53,S,-0.71,EXPDTA SOLUTION NMR
419,2JUC,A,R,14,A,-1.75,EXPDTA SOLUTION NMR
420,2KJ3,A,D,72,A,1.2,EXPDTA SOLID-STATE NMR
421,2KJ3,A,E,56,A,1.9,EXPDTA SOLID-STATE NMR
422,2KJ3,A,G,62,A,-0.8,EXPDTA SOLID-STATE NMR
423,2KJ3,A,K,13,A,1.5,EXPDTA SOLID-STATE NMR
424,2KJ3,A,L,25,A,1.0,EXPDTA SOLID-STATE NMR
425,2KJ3,A,S,57,A,1.4,EXPDTA SOLID-STATE NMR
426,2KJ3,A,V,23,A,1.0,EXPDTA SOLID-STATE NMR
427,2KJ3,A,V,48,A,1.0,EXPDTA SOLID-STATE NMR
428,2KJ3,A,V,51,A,0.2,EXPDTA SOLID-STATE NMR
429,2KS4,A,D,9,A,1.26,EXPDTA SOLUTION NMR
430,2KS4,A,E,2,A,-0.23,EXPDTA SOLUTION NMR
431,2LTB,A,L,59,P,-1.57,EXPDTA SOLUTION NMR
432,2LTB,A,L,70,R,-3.11,EXPDTA SOLUTION NMR
433,2LTB,A,M,120,K,-3.34,EXPDTA SOLUTION NMR
434,2LTB,A,R,34,Q,-1.1,EXPDTA SOLUTION NMR
435,2LTB,A,R,56,Q,-0.36,EXPDTA SOLUTION NMR
436,2LTB,A,R,56,W,1.79,EXPDTA SOLUTION NMR
437,2M5S,A,D,81,A,-4.0,EXPDTA SOLUTION NMR
438,2M5S,A,H,84,A,-2.0,EXPDTA SOLUTION NMR
439,2MPC,A,A,86,T,-0.24,EXPDTA SOLUTION NMR
440,2MPC,A,R,39,A,0.62,EXPDTA SOLUTION NMR
441,2MPC,A,R,39,W,2.08,EXPDTA SOLUTION NMR
442,2N7Z,A,P,88,A,-0.6,EXPDTA SOLUTION NMR
443,2NTE,A,I,171,V,-2.0,EXPDTA X-RAY DIFFRACTION
444,2NTE,A,R,91,C,-2.3,EXPDTA X-RAY DIFFRACTION
445,2OUO,A,A,72,D,0.44,EXPDTA X-RAY DIFFRACTION
446,2PR5,A,A,13,Y,0.5,EXPDTA X-RAY DIFFRACTION
447,2PR5,A,A,61,M,-0.4,EXPDTA X-RAY DIFFRACTION
448,2PR5,A,D,89,E,0.3,EXPDTA X-RAY DIFFRACTION
449,2PR5,A,H,2,K,0.3,EXPDTA X-RAY DIFFRACTION
450,2PR5,A,H,2,W,1.2,EXPDTA X-RAY DIFFRACTION
451,2PR5,A,M,91,F,2.9,EXPDTA X-RAY DIFFRACTION
452,2PR5,A,N,87,F,0.9,EXPDTA X-RAY DIFFRACTION
453,2PR5,A,N,87,Y,0.8,EXPDTA X-RAY DIFFRACTION
454,2PR5,A,N,104,F,1.1,EXPDTA X-RAY DIFFRACTION
455,2PR5,A,N,104,Y,2.6,EXPDTA X-RAY DIFFRACTION
456,2PR5,A,T,10,M,0.5,EXPDTA X-RAY DIFFRACTION
457,2PR5,A,T,30,M,-0.5,EXPDTA X-RAY DIFFRACTION
458,2PR5,A,T,34,Y,0.2,EXPDTA X-RAY DIFFRACTION
459,2PR5,A,V,100,I,1.4,EXPDTA X-RAY DIFFRACTION
460,2PR5,A,V,5,I,0.4,EXPDTA X-RAY DIFFRACTION
461,2PR5,A,V,68,L,-0.2,EXPDTA X-RAY DIFFRACTION
462,2PR5,A,V,70,I,-0.7,EXPDTA X-RAY DIFFRACTION
463,2PTL,A,A,22,G,-2.43,EXPDTA SOLUTION NMR
464,2PTL,A,A,27,P,0.1,EXPDTA SOLUTION NMR
465,2PTL,A,A,27,V,-0.83,EXPDTA SOLUTION NMR
466,2PTL,A,A,34,G,-2.17,EXPDTA SOLUTION NMR
467,2PTL,A,A,34,V,1.47,EXPDTA SOLUTION NMR
468,2PTL,A,A,43,G,-2.54,EXPDTA SOLUTION NMR
469,2PTL,A,A,47,G,-3.1,EXPDTA SOLUTION NMR
470,2PTL,A,A,49,G,-1.32,EXPDTA SOLUTION NMR
471,2PTL,A,A,51,G,-3.12,EXPDTA SOLUTION NMR
472,2PTL,A,A,66,G,-0.49,EXPDTA SOLUTION NMR
473,2PTL,A,D,52,A,-1.21,EXPDTA SOLUTION NMR
474,2PTL,A,D,52,G,-2.14,EXPDTA SOLUTION NMR
475,2PTL,A,D,64,A,-0.2,EXPDTA SOLUTION NMR
476,2PTL,A,E,35,A,-0.59,EXPDTA SOLUTION NMR
477,2PTL,A,E,46,G,-1.19,EXPDTA SOLUTION NMR
478,2PTL,A,E,46,I,-1.08,EXPDTA SOLUTION NMR
479,2PTL,A,E,60,A,-0.23,EXPDTA SOLUTION NMR
480,2PTL,A,F,26,A,-3.12,EXPDTA SOLUTION NMR
481,2PTL,A,F,26,L,-0.68,EXPDTA SOLUTION NMR
482,2PTL,A,F,36,A,-4.15,EXPDTA SOLUTION NMR
483,2PTL,A,F,36,L,-3.12,EXPDTA SOLUTION NMR
484,2PTL,A,F,40,G,-3.08,EXPDTA SOLUTION NMR
485,2PTL,A,F,40,L,-0.38,EXPDTA SOLUTION NMR
486,2PTL,A,F,76,L,-3.34,EXPDTA SOLUTION NMR
487,2PTL,A,F,76,V,-3.73,EXPDTA SOLUTION NMR
488,2PTL,A,G,29,A,-1.52,EXPDTA SOLUTION NMR
489,2PTL,A,G,29,V,-2.53,EXPDTA SOLUTION NMR
490,2PTL,A,G,38,A,-2.08,EXPDTA SOLUTION NMR
491,2PTL,A,G,59,A,-2.23,EXPDTA SOLUTION NMR
492,2PTL,A,G,69,A,-2.04,EXPDTA SOLUTION NMR
493,2PTL,A,I,20,A,-4.9,EXPDTA SOLUTION NMR
494,2PTL,A,I,20,V,-0.56,EXPDTA SOLUTION NMR
495,2PTL,A,I,25,A,-1.37,EXPDTA SOLUTION NMR
496,2PTL,A,I,25,V,-0.47,EXPDTA SOLUTION NMR
497,2PTL,A,I,74,A,-4.72,EXPDTA SOLUTION NMR
498,2PTL,A,I,74,V,-1.69,EXPDTA SOLUTION NMR
499,2PTL,A,K,21,A,-0.92,EXPDTA SOLUTION NMR
500,2PTL,A,K,37,A,-0.88,EXPDTA SOLUTION NMR
501,2PTL,A,K,42,G,0.16,EXPDTA SOLUTION NMR
502,2PTL,A,K,55,A,0.58,EXPDTA SOLUTION NMR
503,2PTL,A,K,56,A,0.35,EXPDTA SOLUTION NMR
504,2PTL,A,K,68,A,-0.09,EXPDTA SOLUTION NMR
505,2PTL,A,K,75,A,-0.45,EXPDTA SOLUTION NMR
506,2PTL,A,L,24,A,-3.12,EXPDTA SOLUTION NMR
507,2PTL,A,L,54,A,-2.44,EXPDTA SOLUTION NMR
508,2PTL,A,L,72,A,-3.77,EXPDTA SOLUTION NMR
509,2PTL,A,N,23,A,-1.87,EXPDTA SOLUTION NMR
510,2PTL,A,N,28,A,-1.78,EXPDTA SOLUTION NMR
511,2PTL,A,N,58,A,-0.34,EXPDTA SOLUTION NMR
512,2PTL,A,N,73,A,-1.73,EXPDTA SOLUTION NMR
513,2PTL,A,S,30,A,-0.3,EXPDTA SOLUTION NMR
514,2PTL,A,S,45,A,0.41,EXPDTA SOLUTION NMR
515,2PTL,A,S,45,G,-0.82,EXPDTA SOLUTION NMR
516,2PTL,A,T,19,A,-1.63,EXPDTA SOLUTION NMR
517,2PTL,A,T,31,A,-1.17,EXPDTA SOLUTION NMR
518,2PTL,A,T,33,A,-1.11,EXPDTA SOLUTION NMR
519,2PTL,A,T,39,A,-1.25,EXPDTA SOLUTION NMR
520,2PTL,A,T,44,A,-1.09,EXPDTA SOLUTION NMR
521,2PTL,A,T,53,G,-0.17,EXPDTA SOLUTION NMR
522,2PTL,A,T,62,A,-0.97,EXPDTA SOLUTION NMR
523,2PTL,A,T,71,A,-1.83,EXPDTA SOLUTION NMR
524,2PTL,A,V,18,A,-1.22,EXPDTA SOLUTION NMR
525,2PTL,A,V,63,A,-0.92,EXPDTA SOLUTION NMR
526,2PTL,A,V,65,A,-1.14,EXPDTA SOLUTION NMR
527,2PTL,A,Y,48,A,-2.82,EXPDTA SOLUTION NMR
528,2PTL,A,Y,50,A,-2.46,EXPDTA SOLUTION NMR
529,2PTL,A,Y,70,A,-1.66,EXPDTA SOLUTION NMR
530,2PTL,A,Y,70,L,0.43,EXPDTA SOLUTION NMR
531,2RPN,A,E,7,L,1.05,EXPDTA SOLUTION NMR
532,2RPN,A,V,21,K,0.39,EXPDTA SOLUTION NMR
533,2VY0,A,D,254,A,-5.975,EXPDTA X-RAY DIFFRACTION
534,2VY0,A,E,20,A,-6.597,EXPDTA X-RAY DIFFRACTION
535,2WQG,A,D,15,A,0.3,EXPDTA SOLUTION NMR
536,2WQG,A,D,38,A,0.1,EXPDTA SOLUTION NMR
537,2WQG,A,D,39,A,-2.2,EXPDTA SOLUTION NMR
538,2WQG,A,D,39,N,-2.6,EXPDTA SOLUTION NMR
539,2WQG,A,E,40,Q,-0.1,EXPDTA SOLUTION NMR
540,2WQG,A,E,41,G,-0.4,EXPDTA SOLUTION NMR
541,2WQG,A,I,36,A,-0.9,EXPDTA SOLUTION NMR
542,2WQG,A,I,36,V,-0.3,EXPDTA SOLUTION NMR
543,2WQG,A,K,14,A,-0.4,EXPDTA SOLUTION NMR
544,2WQG,A,K,14,G,-1.9,EXPDTA SOLUTION NMR
545,2WQG,A,K,19,A,-0.3,EXPDTA SOLUTION NMR
546,2WQG,A,K,28,A,-0.6,EXPDTA SOLUTION NMR
547,2WQG,A,L,13,A,-0.5,EXPDTA SOLUTION NMR
548,2WQG,A,L,16,A,-1.3,EXPDTA SOLUTION NMR
549,2WQG,A,L,8,A,-2.0,EXPDTA SOLUTION NMR
550,2WQG,A,Q,12,A,-0.6,EXPDTA SOLUTION NMR
551,2WQG,A,Q,12,G,-2.0,EXPDTA SOLUTION NMR
552,2WQG,A,Q,33,A,0.1,EXPDTA SOLUTION NMR
553,2WQG,A,R,34,A,-0.8,EXPDTA SOLUTION NMR
554,2WQG,A,S,23,A,-0.6,EXPDTA SOLUTION NMR
555,2WQG,A,S,6,A,0.1,EXPDTA SOLUTION NMR
556,2WQG,A,S,6,G,-0.2,EXPDTA SOLUTION NMR
557,2WQG,A,T,9,S,0.1,EXPDTA SOLUTION NMR
558,2WQG,A,V,10,A,-0.1,EXPDTA SOLUTION NMR
559,2WQG,A,V,10,G,-0.7,EXPDTA SOLUTION NMR
560,2WQG,A,V,11,A,0.4,EXPDTA SOLUTION NMR
561,2WQG,A,V,11,G,0.1,EXPDTA SOLUTION NMR
562,2WQG,A,V,24,A,-0.5,EXPDTA SOLUTION NMR
563,2WQG,A,Y,5,F,-2.4,EXPDTA SOLUTION NMR
564,2ZTA,A,E,11,Q,-0.74,EXPDTA X-RAY DIFFRACTION
565,2ZTA,A,E,20,Q,0.2,EXPDTA X-RAY DIFFRACTION
566,2ZTA,A,E,22,Q,-1.83,EXPDTA X-RAY DIFFRACTION
567,2ZTA,A,K,15,A,-0.41,EXPDTA X-RAY DIFFRACTION
568,2ZTA,A,K,27,A,-0.91,EXPDTA X-RAY DIFFRACTION
569,2ZTA,A,K,28,A,-0.06,EXPDTA X-RAY DIFFRACTION
570,2ZTA,A,K,8,A,-0.39,EXPDTA X-RAY DIFFRACTION
571,2ZTA,A,R,25,A,-1.66,EXPDTA X-RAY DIFFRACTION
572,3BCI,A,E,83,Q,1.369,EXPDTA X-RAY DIFFRACTION
573,3BCI,A,T,140,V,-1.137,EXPDTA X-RAY DIFFRACTION
574,3BN0,A,I,19,V,-1.506,EXPDTA X-RAY DIFFRACTION
575,3C2I,A,D,64,E,0.88,EXPDTA X-RAY DIFFRACTION
576,3C2I,A,F,63,S,0.43,EXPDTA X-RAY DIFFRACTION
577,3C2I,A,L,9,V,1.11,EXPDTA X-RAY DIFFRACTION
578,3C2I,A,P,60,R,1.46,EXPDTA X-RAY DIFFRACTION
579,3C2I,A,R,15,Q,0.12,EXPDTA X-RAY DIFFRACTION
580,3C2I,A,R,15,W,0.04,EXPDTA X-RAY DIFFRACTION
581,3C2I,A,R,20,G,-0.43,EXPDTA X-RAY DIFFRACTION
582,3C2I,A,R,42,C,0.37,EXPDTA X-RAY DIFFRACTION
583,3C2I,A,R,42,H,0.24,EXPDTA X-RAY DIFFRACTION
584,3C2I,A,S,43,C,1.05,EXPDTA X-RAY DIFFRACTION
585,3C2I,A,T,66,A,0.47,EXPDTA X-RAY DIFFRACTION
586,3C2I,A,T,66,M,0.25,EXPDTA X-RAY DIFFRACTION
587,3D2A,A,M,132,E,3.02,EXPDTA X-RAY DIFFRACTION
588,3D2A,A,M,135,P,3.34,EXPDTA X-RAY DIFFRACTION
589,3D2A,A,S,161,P,2.11,EXPDTA X-RAY DIFFRACTION
590,3D3B,A,D,118,A,-0.65,EXPDTA X-RAY DIFFRACTION
591,3D3B,A,D,118,E,-0.6,EXPDTA X-RAY DIFFRACTION
592,3D3B,A,D,118,K,-1.6,EXPDTA X-RAY DIFFRACTION
593,3D3B,A,D,118,N,-1.34,EXPDTA X-RAY DIFFRACTION
594,3D3B,A,D,118,R,-1.41,EXPDTA X-RAY DIFFRACTION
595,3DV0,A,A,4,G,-1.7,EXPDTA X-RAY DIFFRACTION
596,3DV0,A,A,12,G,-2.3,EXPDTA X-RAY DIFFRACTION
597,3DV0,A,A,38,G,-0.9,EXPDTA X-RAY DIFFRACTION
598,3DV0,A,A,41,G,-0.3,EXPDTA X-RAY DIFFRACTION
599,3DV0,A,D,18,A,-2.1,EXPDTA X-RAY DIFFRACTION
600,3DV0,A,D,18,N,-0.9,EXPDTA X-RAY DIFFRACTION
601,3DV0,A,D,35,N,-2.0,EXPDTA X-RAY DIFFRACTION
602,3DV0,A,D,37,A,-2.3,EXPDTA X-RAY DIFFRACTION
603,3DV0,A,D,37,G,-3.7,EXPDTA X-RAY DIFFRACTION
604,3DV0,A,D,37,N,-1.9,EXPDTA X-RAY DIFFRACTION
605,3DV0,A,E,14,A,-0.7,EXPDTA X-RAY DIFFRACTION
606,3DV0,A,E,14,Q,-0.4,EXPDTA X-RAY DIFFRACTION
607,3DV0,A,I,3,A,-0.7,EXPDTA X-RAY DIFFRACTION
608,3DV0,A,I,3,G,-1.4,EXPDTA X-RAY DIFFRACTION
609,3DV0,A,I,3,V,-0.2,EXPDTA X-RAY DIFFRACTION
610,3DV0,A,I,19,A,-2.7,EXPDTA X-RAY DIFFRACTION
611,3DV0,A,I,19,V,-1.2,EXPDTA X-RAY DIFFRACTION
612,3DV0,A,I,36,V,-0.5,EXPDTA X-RAY DIFFRACTION
613,3DV0,A,L,32,A,-2.0,EXPDTA X-RAY DIFFRACTION
614,3DV0,A,L,32,G,-1.9,EXPDTA X-RAY DIFFRACTION
615,3DV0,A,L,32,V,-0.6,EXPDTA X-RAY DIFFRACTION
616,3DV0,A,L,40,A,-1.2,EXPDTA X-RAY DIFFRACTION
617,3DV0,A,L,40,V,-0.2,EXPDTA X-RAY DIFFRACTION
618,3DV0,A,V,2,A,-0.7,EXPDTA X-RAY DIFFRACTION
619,3DV0,A,V,2,G,-1.0,EXPDTA X-RAY DIFFRACTION
620,3DV0,A,V,8,A,-1.5,EXPDTA X-RAY DIFFRACTION
621,3DV0,A,V,17,A,-2.0,EXPDTA X-RAY DIFFRACTION
622,3DV0,A,V,22,A,-2.8,EXPDTA X-RAY DIFFRACTION
623,3DV0,A,V,22,G,-4.1,EXPDTA X-RAY DIFFRACTION
624,3DV0,A,V,31,A,-3.2,EXPDTA X-RAY DIFFRACTION
625,3DV0,A,Y,11,F,-2.0,EXPDTA X-RAY DIFFRACTION
626,3ECU,A,H,46,R,0.8,EXPDTA X-RAY DIFFRACTION
627,3FIS,A,P,36,A,-0.5,EXPDTA X-RAY DIFFRACTION
628,3G1G,A,D,5,Y,0.34,EXPDTA X-RAY DIFFRACTION
629,3G1G,A,F,17,Y,-0.74,EXPDTA X-RAY DIFFRACTION
630,3G1G,A,I,40,V,-0.17,EXPDTA X-RAY DIFFRACTION
631,3G1G,A,R,35,W,1.32,EXPDTA X-RAY DIFFRACTION
632,3K82,A,E,29,L,-3.35,EXPDTA X-RAY DIFFRACTION
633,3K82,A,E,29,Q,-1.68,EXPDTA X-RAY DIFFRACTION
634,3K82,A,E,96,R,5.49,EXPDTA X-RAY DIFFRACTION
635,3L15,A,Y,196,H,-3.23,EXPDTA X-RAY DIFFRACTION
636,3MON,A,R,39,G,1.194,EXPDTA X-RAY DIFFRACTION
637,3MON,A,W,3,C,-2.866,EXPDTA X-RAY DIFFRACTION
638,3O39,A,F,81,I,-1.81,EXPDTA X-RAY DIFFRACTION
639,3O39,A,F,81,L,-1.64,EXPDTA X-RAY DIFFRACTION
640,3O39,A,H,63,L,-0.58,EXPDTA X-RAY DIFFRACTION
641,3O39,A,L,4,P,-3.25,EXPDTA X-RAY DIFFRACTION
642,3O39,A,Q,66,L,-2.0,EXPDTA X-RAY DIFFRACTION
643,3O39,A,Q,20,L,-0.05,EXPDTA X-RAY DIFFRACTION
644,3S4M,A,D,34,Y,-1.3,EXPDTA X-RAY DIFFRACTION
645,3S4M,A,G,42,V,-2.5,EXPDTA X-RAY DIFFRACTION
646,3S4M,A,I,66,F,0.096,EXPDTA X-RAY DIFFRACTION
647,3S4M,A,W,67,R,-0.693,EXPDTA X-RAY DIFFRACTION
648,3S92,A,H,89,R,2.03,EXPDTA X-RAY DIFFRACTION
649,4BJX,A,A,48,V,0.99,EXPDTA X-RAY DIFFRACTION
650,4BUQ,A,Y,137,A,0.89,EXPDTA X-RAY DIFFRACTION
651,4BUQ,A,Y,48,A,-1.435,EXPDTA X-RAY DIFFRACTION
652,4HE7,A,A,18,D,-0.24,EXPDTA X-RAY DIFFRACTION
653,4HE7,A,A,18,G,0.06,EXPDTA X-RAY DIFFRACTION
654,4HE7,A,A,18,K,-0.46,EXPDTA X-RAY DIFFRACTION
655,4N6V,A,H,68,W,0.574,EXPDTA X-RAY DIFFRACTION
656,4N6V,A,P,29,G,-1.362,EXPDTA X-RAY DIFFRACTION
657,4N6V,A,P,72,S,1.745,EXPDTA X-RAY DIFFRACTION
658,4WAA,A,K,57,A,0.1,EXPDTA X-RAY DIFFRACTION
659,4WAA,A,K,59,A,-2.07,EXPDTA X-RAY DIFFRACTION
660,4WAA,A,R,19,A,-0.44,EXPDTA X-RAY DIFFRACTION
661,4YEE,A,V,60,T,-0.71,EXPDTA X-RAY DIFFRACTION
662,4YEF,A,T,58,V,-0.93,EXPDTA X-RAY DIFFRACTION
663,5JXB,A,D,25,G,-1.44,EXPDTA X-RAY DIFFRACTION
664,5JXB,A,D,25,P,-1.44,EXPDTA X-RAY DIFFRACTION
665,5OAQ,A,Y,199,H,-2.99,EXPDTA X-RAY DIFFRACTION
666,5VP3,A,R,39,K,0.413,EXPDTA X-RAY DIFFRACTION
667,5VP3,A,S,128,G,-0.378,EXPDTA X-RAY DIFFRACTION
668,5VP3,A,V,183,T,0.354,EXPDTA X-RAY DIFFRACTION
